{
    "name": "MBUSPayload",
    "keywords": "mbus,wmbus,dif,vif,wize",
    "description": "MBUS application layer payload encoder and decoder",
    "repository": {
        "type": "git",
        "url": "https://github.com/allwize/mbus-payload.git"
    },
    "version": "1.0.1",
    "license": "LGPL-3.0",
    "frameworks": "arduino",
    "platforms": ["atmelavr", "atmelsam", "espressif8266"],
    "authors": {
        "name": "Xose Perez",
        "email": "xose@allwize.io",
        "maintainer": true
    },
    "examples": [
        "examples/*/*.ino"
    ]
}
